Company Name, Category, Contact
SmartSites Digital Marketing , All Advertising Agencies, https://www.smartsites.com/https://www.smartsites.com/contact/
BrandTuitive , All Advertising Agencies, http://www.brandtuitive.com

Spire Agency , All Advertising Agencies, http://www.spireagency.com

Division of Labor , All Advertising Agencies, https://www.divisionoflabor.com//contact
Viewstream , All Advertising Agencies, http://www.viewstream.com/?utm_source=clutch.co&utm_medium=referral&utm_campaign=agencies

Pure Fusion Media , All Advertising Agencies, http://www.purefusionmedia.com/locations
Jacob Tyler , All Advertising Agencies, http://www.jacobtyler.com/?utm_source=clutch&utm_medium=referral&utm_campaign=agencies

Venthio , All Advertising Agencies, https://www.venthio.com/?utm_source=clutch&utm_medium=referral&utm_campaign=ad-agencies

Bad Rhino Inc. , All Advertising Agencies, http://badrhinoinc.com/?utm_source=clutch.co&utm_medium=referral&utm_campaign=agencies

6Minded , All Advertising Agencies, http://www.6minded.com/http://6minded.com/contact-us/
Our Own Brand , All Advertising Agencies, http://www.ourownbrand.co/?utm_source=clutch&utm_medium=referral&utm_campaign=agencies

REQ , All Advertising Agencies, https://req.co/contact
IPNY , All Advertising Agencies, http://www.IPNY.com/?utm_source=clutch&utm_medium=referral&utm_campaign=agencies

Sensis , All Advertising Agencies, http://www.sensisagency.com//contact
Periscope (Formerly Anthem Marketing Solutions) , All Advertising Agencies, https://www.periscope.com

Hub Strategy and Communication , All Advertising Agencies, http://hubsanfrancisco.com/

THIEL , All Advertising Agencies,https://thiel.com/contact/
Anchour , All Advertising Agencies, https://www.anchour.com//contact
Duncan Channon , All Advertising Agencies, http://www.duncanchannon.com/

BayCreative , All Advertising Agencies, https://www.baycreative.com/contact/?utm_source=clutch&utm_medium=referral&utm_campaign=agencies

Power , All Advertising Agencies,https://www.poweragency.com/contact/
GKV , All Advertising Agencies,https://gkv.com/contact/
Interview Valet , All Advertising Agencies, https://interviewvalet.com/

Citizen Group , All Advertising Agencies, http://www.citizengroup.com/

Traina Design , All Advertising Agencies, http://trainadesign.com/?utm_source=clutch&utm_medium=referral

COAL , All Advertising Agencies,https://wearecoal.co.uk/contact/
Huntington Pacific Media , All Advertising Agencies, https://www.huntingtonpacificmedia.com/

Frank , All Advertising Agencies, https://welcometofrank.com/

Mistress , All Advertising Agencies, https://mistress.agency/

ds+f / Don Schaaf & Friends, Inc. , All Advertising Agencies, http://www.dsfriends.com

Williams Whittle Associates Inc , All Advertising Agencies, http://www.williamswhittle.com/

Most Likely To , All Advertising Agencies, https://mostlikelyto.com/

Moburst , All Advertising Agencies, http://moburst.com/#popup-contact-form-footer
Six Mile Media , All Advertising Agencies,https://sixmilemedia.com/contact-us/
Propellant Media , All Advertising Agencies, http://propellant.media/?utm_source=clutch&utm_medium=referral

AMP Agency , All Advertising Agencies,https://www.ampagency.com/contact
newage. digital solutions , All Advertising Agencies, http://newage.agency#contacts_en
Gigante Vaz Partners , All Advertising Agencies, http://www.gigantevaz.com/

Tronvig Group , All Advertising Agencies,https://www.tronviggroup.com/contact/
Funworks , All Advertising Agencies, https://www.howfunworks.com/

The Brandon Agency , All Advertising Agencies, http://www.thebrandonagency.com/

JStokes Agency , All Advertising Agencies, http://jstokes.com

ThreeSixtyEight , All Advertising Agencies,https://threesixtyeight.com/contact/
Fearless Media , All Advertising Agencies,https://fearlessmedia.com/contact/
NURO MARKETING , All Advertising Agencies,https://nuromarketing.com/contact-us/
RXM Creative , All Advertising Agencies,http://www.rxmcreative.com/contact/
Killian Branding , All Advertising Agencies, http://www.killianbranding.com

Frederick Swanston , All Advertising Agencies, http://frederickswanston.com

MonogramGroup , All Advertising Agencies, http://www.monogramgroup.com/

Aqomi , All Advertising Agencies, https://aqomi.com/?utm_source=clutch.co&utm_medium=referral

Cutwater , All Advertising Agencies, http://www.cutwatersf.com/contact
DX Media Direct , All Advertising Agencies,https://www.dxmediadirect.com/contact/
Cubicle Fugitive , All Advertising Agencies, http://www.cubiclefugitive.com/

A Willing Participant, Inc. , All Advertising Agencies, https://www.awillingparticipant.com/

Coming of Age , All Advertising Agencies,https://www.comingofage.com/lets-talk/
Miller Ad Agency , All Advertising Agencies,https://www.milleradagency.com/contact/
Zubi Advertising , All Advertising Agencies, http://www.zubiad.com/

Forge Worldwide , All Advertising Agencies, https://forgeworldwide.com/welcome-to-forge/https://forgeworldwide.com/contact/
Ghergich & Co. , All Advertising Agencies,https://brado.net/contact-us/
Alaniz , All Advertising Agencies, https://www.alanizmarketing.com/

Red Velvet Digital , All Advertising Agencies, http://www.redvelvet.digital/#section_contact
Brain Tank , All Advertising Agencies, http://www.braintank.ua

Rock Candy Media , All Advertising Agencies, http://www.rockcandymedia.com

Foster Web Marketing , All Advertising Agencies, http://www.fosterwebmarketing.com/contact.cfm
Kiosk , All Advertising Agencies,https://kiosk.tm/contact/
Metric Theory , All Advertising Agencies, http://metrictheory.com/https://metrictheory.com/contact-us/
Popskull , All Advertising Agencies, http://popskullchicago.com

seoplus+ , All Advertising Agencies, https://www.seoplus.ca//contact-us.php
BoardActive , All Advertising Agencies, https://www.boardactive.com/

KHJ Brand Activation , All Advertising Agencies, https://www.khj.com/?utm_campaign=clutch.co&utm_source=clutch.co&utm_medium=profile

Online Optimism , All Advertising Agencies, https://www.onlineoptimism.com/?utm_source=clutch&utm_medium=referral

Rosbeef! , All Advertising Agencies, http://www.rosbeef.fr//contact
Zehnder Communications , All Advertising Agencies, http://www.z-comm.com/

Stevens & Tate Marketing , All Advertising Agencies,https://stevens-tate.com/contact/
Xtra Mile ltd , All Advertising Agencies,https://xtra-mile.co.il/contact-us/
Promodo , All Advertising Agencies, https://www.promodo.com/

MiresBall , All Advertising Agencies, http://www.miresball.com

EDS FZE , All Advertising Agencies, https://edsfze.com/

Admind Agency , All Advertising Agencies, http://admindagency.com//#contact
The Fantastical , All Advertising Agencies, http://thefantastical.com/#
Digital Resource , All Advertising Agencies,https://yourdigitalresource.com/contact-us/
Mobihunter , All Advertising Agencies, https://mobihunter.co

Absolute Digital Media , All Advertising Agencies, http://absolute.digital/https://absolute.digital/contact-us/
Brandpoint , All Advertising Agencies,https://www.brandpoint.com/contact/
Breakaway , All Advertising Agencies, https://breakaway.com//contact
Neff , All Advertising Agencies, https://neffknows.com/

Megaphone Marketing , All Advertising Agencies, https://megaphonemarketing.com.au/

milk* , All Advertising Agencies, http://www.milksono.com/

Motion Agency , All Advertising Agencies, https://agencyinmotion.com/?utm_source=clutch&utm_medium=referral

Newell Ledbetter Advertising , All Advertising Agencies, https://www.nlamedia.com/

SeedX Inc. , All Advertising Agencies, https://seedx.us/https://seedx.us/contact/
Sculpt , All Advertising Agencies,https://wearesculpt.com/contact/
The Bureau Of Small Projects , All Advertising Agencies, https://www.smallprojectsbureau.com/?utm_source=clutch.co&utm_medium=referral&utm_campaign=ad-agencies

Dragonfly Digital Marketing , All Advertising Agencies, https://dragonflydm.com/

Prospectr Marketing , All Advertising Agencies, https://prospectrmarketing.com/

Farinella LLC , All Advertising Agencies, http://www.farinella.com/

The Media Captain , All Advertising Agencies, https://www.themediacaptain.com/

Prolifik Digital Marketing , All Advertising Agencies, https://www.prolifikmarketing.com//prolifik-contact
